{"0": [[8.139508928571558, -2.9966517857142208]], "1": [[3.403111739745327, 5.720650636492337]], "2": [[-1.9482209240572956, -4.242697822623427]], "3": [[-3.022727272727252, 1.1753246753246458]], "4": [[8.449239665881123, 6.135682158920645]], "5": [[2.5510204081629126, -0.5306122448978385]], "6": [[-3.0512067840834334, -19.19863013698614]], "7": [[0.389125799573776, -18.706213828814953]], "8": [[-12.55213270142167, 5.1668923493568855]], "9": [[13.861563517915329, 5.047231270358225]], "10": [[1.1448598130841674, 3.666889185580885]], "11": [[7.508124576844921, 3.6963439404198652]], "12": [[1.0646900269543949, -19.491408355794874]], "13": [[2.129464285714448, -1.5]], "14": [[-8.131321370309706, -1.9645770216732217]], "15": [[20.40474127259222, 8.479078979945825]], "16": [[-13.315306122448874, -9.310204081632719]], "17": [[21.337662337662323, -13.818181818181756]], "18": [[28.89732142857156, -13.98102678571422]], "19": [[38.06979141401894, -14.37988115449889]], "20": [[2.399895724713133, -19.001564129301414]], "21": [[18.263646922183852, -0.535423925667601]], "22": [[-0.3088356729977022, 7.009496284062777]], "23": [[25.497751643029915, 7.847371151850666]], "24": [[22.46428571428578, -21.035714285714334]], "25": [[1.9316578483244484, -5.621252204585517]], "26": [[3.2087765957448937, -23.961531155015564]], "27": [[7.892393320964857, -18.063212297906148]], "28": [[-8.50931677018616, -2.0984915705412277]], "29": [[-7.850131463628259, -12.93120070113946]], "30": [[7.355158730158564, -5.978174603174921]], "31": [[8.790909090909281, 0.46883116883122966]]}