{"32": [[-5.060982495765302, 6.261434217956094]], "33": [[11.88662131519277, -7.667800453514701]], "34": [[18.687030075187977, -9.106203007518616]], "35": [[0.09375, -8.541135204081456]], "36": [[19.79880569591205, -3.2142857142857792]], "37": [[-0.692373363688148, -22.196357427432986]], "38": "false negative", "39": [[13.806076996500224, -10.854915685650667]], "40": [[15.522154316272008, 14.313980137509589]], "41": [[12.225765306122412, -6.017857142857338]], "42": [[6.447039652362946, -41.47718631178691]], "43": [[-4.913043478260761, -13.121118012422357]], "44": "false negative", "45": [[12.509829619921675, -21.908256880733916]], "46": [[5.974372169617254, -9.314121037464247]], "47": [[3.5641741071426623, -14.05022321428578]], "48": "false negative", "49": [[25.244239631336768, 6.668202764976968]], "50": "false negative", "51": [[-4.057750759878218, 23.161094224924227]], "52": [[-2.339285714285552, -3.2142857142856656]], "53": [[-7.031500802568189, -5.227728731942079]], "54": "false negative", "55": [[7.833662194159388, 9.867403314917055]], "56": [[49.56010452961664, 71.80487804878055]], "57": [[8.101979345955442, -15.173162035898713]], "58": "false negative", "59": [[-7.004102316602257, -3.684362934362923]], "60": "false negative", "61": [[2.1118012422359698, -17.436335403726844]], "62": [[8.3336940836939, -6.0187590187588285]], "63": [[6.496651785714221, -10.092633928571331]]}